folder,main_image_url,other_image_url1,other_image_url2,other_image_url3,other_image_url4,other_image_url5,other_image_url6,other_image_url7,other_image_url8
Naruto-Painting-480417657,http://bsus.hicustom.com/static/img3/836d53220414b0e/7NVF4WVDa3-6bdMP8tB6SRLBP/HDB9SUd0vTLp6srEiPioIvD/R1f8HYIGX5dI35IIdNEEGaPt4.jpg,http://bsus.hicustom.com/static/img3/8b2250520414e2b/7NVF4WVDa3-6bdMP8tB6SRLBP/HDB9SUd0vTLpvs7EOkADlSb/zd97ilP2Qrb3-6PHqBz9rbR45t4.jpg,http://bsus.hicustom.com/static/img3/d6f31902a30414924/7NVF4WVDa3-6bdMP/8tB6SRLBPHDB9S/Ud0vTLp9sZfINi/ne3-6o7QRinnYdQr/n3-6UiSeuXMvb3Gt4.jpg,http://bsus.hicustom.com/static/img3/9fadd9c2b0414b6e/7NVF4WVDa3-6bdMP8tB/6SRLBPHDB9SUd0vTL/pSs5fIP8SB9e7fi3f/nI9eHnMkPSASxPfd30t4.jpg,http://bsus.hicustom.com/static/img3/5cb87be20414c32/7NVF4WVDa3-6bdMP8tB6SRLBP/HDB9SUd0vTLpGss7baamqpS/k7I4ALABxMoBZfYP34Pf188t4.jpg,http://bsus.hicustom.com/static/img3/632c03e250414a09/7NVF4WVDa3-6bdMP8tB/6SRLBPHDB9SUd0vTL/p3sHNIkYYI3-6okvfaP/W3zXEF3-63TRM3QUL9P2t4.jpg,http://bsus.hicustom.com/static/img3/f96f0712f04145a5/7NVF4WVDa3-6bdMP8tB/6SRLBPHDB9SUd0vTL/pJsRWGN5Y3uUEEban/qMzlr7uPTWYuDRL1Nat4.jpg,http://bsus.hicustom.com/static/img3/c1e981f2200414326/7NVF4WVDa3-6bdMP/8tB6SRLBPHDB9S/Ud0vTLpOsknB78/ZTvbzJ98rlCp9R/7BHADqJxrNI12t4.jpg,http://bsus.hicustom.com/static/img/ef82eb7280414cae/7NVF4WVDa3-6bdMP8tB/6SRLBPHDB9SUd0vTL/p2s3-6LIPrY36xEEui0/WaGQUbIk8GwOL7QdaPt4.jpg
Naruto-Painting-480417658,http://bsus.hicustom.com/static/img3/549a43820414bfc/h2RF7FDPgkcvVIZs7ZZ2COB/i6LSLFf3dQBz9n3-6Rt7Ac8vJ/2vx6wW303-6Ji9CS6Dz9OBOiLnT.jpg,http://bsus.hicustom.com/static/img3/d042ed020414fa0/h2RF7FDPgkcvVIZs7ZZ2COB/i6LSLFf3dQBzlnDR4zi8HSl/3-6cRSy1NONvniZ3-6hWdNkiSR6nT.jpg,http://bsus.hicustom.com/static/img3/1704b69204143e4/h2RF7FDPgkcvVIZs7ZZ2COB/i6LSLFf3dQBz6nLwZWAwd3-6n/KC9whxLaNvbi7xRt1hF3-6vI3nT.jpg,http://bsus.hicustom.com/static/img3/852bbd820414e19/h2RF7FDPgkcvVIZs7ZZ2COB/i6LSLFf3dQBzNnQwZ7I0C9a/KulOtx38Hdb21QRsTA8HuIQnT.jpg,http://bsus.hicustom.com/static/img3/8fbb9892110414522/h2RF7FDPgkcvVI/Zs7ZZ2COBi6LSL/Ff3dQBzKnbFwfq/3-6apEqJNJk7q5aS/l6PlF5D38HzGInT.jpg,http://bsus.hicustom.com/static/img3/8fe4b012041460c/h2RF7FDPgkcvVIZs7ZZ2COB/i6LSLFf3dQBz2nXSZzNO83-6n/q1xhMYIj3-62ViCNSYDL5QBNKnT.jpg,http://bsus.hicustom.com/static/img3/35c2f6a2480414a45/h2RF7FDPgkcvVI/Zs7ZZ2COBi6LSL/Ff3dQBzLnUDVW6/OGuV3P3-6hhf6jdv/PhZNJM1KQQzPqnT.jpg,http://bsus.hicustom.com/static/img3/e25813e2a0414445/h2RF7FDPgkcvVIZs7/ZZ2COBi6LSLFf3dQB/zQnoXYPIQ9vl3-67R6m/1KwL3P6zbLy0Ak96bKnT.jpg,http://bsus.hicustom.com/static/img/d4e8b9b2f0414d3f/h2RF7FDPgkcvVIZs7/ZZ2COBi6LSLFf3dQB/z3neJZ7hOG6H3PXwV/Yi0NBn91ROmPQ0LuiLnT.jpg
Naruto-Painting-480417659,http://bsus.hicustom.com/static/img3/ee23707200414eb5/TZG3TW3Zqs3-6cBOLlG/23L0GLgT9373jYl5M/3-6FpjSsChgJm9ZXpFs/JI9yCt2U7Y5yUKTCcYfE.jpg,http://bsus.hicustom.com/static/img3/61e41b42300414d30/TZG3TW3Zqs3-6cBO/LlG23L0GLgT937/3jYl5M3-6cp9SYer/3uPhogCChzP5Ig/grMcmTA2twUFMfE.jpg,http://bsus.hicustom.com/static/img3/091645c204142d3/TZG3TW3Zqs3-6cBOLlG23L0GL/gT9373jYl5M3-67pBAUKhrke3-6/S2ZyytYiIgwr3vCulxZAsCIfE.jpg,http://bsus.hicustom.com/static/img3/5db15ca270414735/TZG3TW3Zqs3-6cBOLlG/23L0GLgT9373jYl5M/3-6CpEAUCMTLMkSpwUg/tIGAxw9A2C3-6GXTywCTfE.jpg,http://bsus.hicustom.com/static/img3/7428d17204143cd/TZG3TW3Zqs3-6cBOLlG23L0GL/gT9373jYl5M3-6PphYgtwhvaG/lS52rZAOm2c3TkIDZSTyy23fE.jpg,http://bsus.hicustom.com/static/img3/cb45db1204144a3/TZG3TW3Zqs3-6cBOLlG23L0GL/gT9373jYl5M3-6LpiRUeU6Je3-6/lxpsFF3kySGrUFTGZCC2MZCfE.jpg,http://bsus.hicustom.com/static/img3/c8ecae52d04142f4/TZG3TW3Zqs3-6cBOLlG/23L0GLgT9373jYl5M/3-62pTLFK36ZATYYtsy/cMkogKAMF0ElYG2yJAfE.jpg,http://bsus.hicustom.com/static/img3/e3665f5260414d39/TZG3TW3Zqs3-6cBOLlG/23L0GLgT9373jYl5M/3-6Up3-6o4MM9Umho4CFA/zChGNK3wtMrIXtC2kCfE.jpg,http://bsus.hicustom.com/static/img/0156f9020414147/TZG3TW3Zqs3-6cBOLlG23L0GL/gT9373jYl5M3-6JpkWUCA6Z0r/YYeyCFa9IVg2AZPiRF3UwcYfE.jpg
Naruto-Painting-480417660,http://bsus.hicustom.com/static/img3/d6d98512041480a/546Rb3Twf3-6jbDGMtMJ0TNZ9/fO9DBDz5sY9jQ3-6qOX2rlWbU/ChmWhB5DzWfQUDWFfK4UGfN3-6V.jpg,http://bsus.hicustom.com/static/img3/c1247942400414331/546Rb3Twf3-6jbDG/MtMJ0TNZ9fO9DB/Dz5sY9jn3-6SORfh/SdRxdsLGscD40b/1qMqb7vD3-61RYO3-6V.jpg,http://bsus.hicustom.com/static/img3/3d39c9c204143ee/546Rb3Twf3-6jbDGMtMJ0TNZ9/fO9DBDz5sY9jO3-6R1JBrbHi1/BUG1wgEX0bHq3mOXci9zbT83-6V.jpg,http://bsus.hicustom.com/static/img3/e3121f3204147d5/546Rb3Twf3-6jbDGMtMJ0TNZ9/fO9DBDz5sY9jL3-6I1J2ODDBd/ByoRXg5SduHCAIOyVrSddT93-6V.jpg,http://bsus.hicustom.com/static/img3/1af32ad20414425/546Rb3Twf3-6jbDGMtMJ0TNZ9/fO9DBDz5sY9jB3-6n0hz3-6xb3-6Z/i6WIj23-6RbRxOTo0OI5Sd10G3-6V.jpg,http://bsus.hicustom.com/static/img3/1f5e0472f0414ccb/546Rb3Twf3-6jbDGMtM/J0TNZ9fO9DBDz5sY9/jC3-6yGJfD4Wi1iAmb6/MOez0DqUWGLIERY97B3-6V.jpg,http://bsus.hicustom.com/static/img3/e0dcf3320414a9a/546Rb3Twf3-6jbDGMtMJ0TNZ9/fO9DBDz5sY9jN3-6Z9SBG47dD/8TqbwzGeHbW3-6MWI6c9UY1Wi3-6V.jpg,http://bsus.hicustom.com/static/img3/1eede0d20414dab/546Rb3Twf3-6jbDGMtMJ0TNZ9/fO9DBDz5sY9j93-6liL5OUPbx/d3LWlc9bTMWOwnBsZr3-6PIHB3-6V.jpg,http://bsus.hicustom.com/static/img/1e6277d20414888/546Rb3Twf3-6jbDGMtMJ0TNZ9/fO9DBDz5sY9j83-6AIJ2i47Ib/8Ty1SMhD091QALRl5BDTdfN3-6V.jpg
Naruto-Painting-480417661,http://bsus.hicustom.com/static/img3/9a5e3ab220414bcd/nCFBWPOfdbdbBBQtS/CBQIMBoDS8B5bIaGL/vCrkOeBeoNkOQfqJo/YN0uUb0SKINaIOOTvRt2.jpg,http://bsus.hicustom.com/static/img3/656a6a820414a45/nCFBWPOfdbdbBBQtSCBQIMB/oDS8B5bIaGLvkr0OCddDiF3-6/cb3Oel3OWkdaBoqSjRkdP6Kt2.jpg,http://bsus.hicustom.com/static/img3/91c01f72041468b/nCFBWPOfdbdbBBQtSCBQIMB/oDS8B5bIaGLv8r2102en1cd/0RPzxn8aWkia9eS1ruFumSTt2.jpg,http://bsus.hicustom.com/static/img3/1589142260414b7b/nCFBWPOfdbdbBBQtS/CBQIMBoDS8B5bIaGL/vFrU10BQSS8101eSq/nN81aiBdRSHFf81ASIt2.jpg,http://bsus.hicustom.com/static/img3/31c52012b04147d5/nCFBWPOfdbdbBBQtS/CBQIMBoDS8B5bIaGL/v0rw0mv3-6mnwBr006d/LH5fF3-6MGqY3Q081lJQt2.jpg,http://bsus.hicustom.com/static/img3/b5420052b0414449/nCFBWPOfdbdbBBQtS/CBQIMBoDS8B5bIaGL/vQraG0dWYNcdruqvR/WPjuOMaSGRUQW5I3B6t2.jpg,http://bsus.hicustom.com/static/img3/faa1bd42f0414bdb/nCFBWPOfdbdbBBQtS/CBQIMBoDS8B5bIaGL/vUrQ9T2KYPrMOOmvx/qUjik0wBGW8rOQIl23-6t2.jpg,http://bsus.hicustom.com/static/img3/f76cfa62870414599/nCFBWPOfdbdbBB/QtSCBQIMBoDS8B/5bIaGLv2rriMOQ/Z7k3-6cB3JplZwRQ/0MudDnUfkG03-66t2.jpg,http://bsus.hicustom.com/static/img/555b803204143db/nCFBWPOfdbdbBBQtSCBQIMB/oDS8B5bIaGLvOrjI0BpYPCf/OOwzIWm0W5d0dQGk2G0RAvRt2.jpg
Naruto-Painting-480417662,http://bsus.hicustom.com/static/img3/90cc4402041495c/8945Qg4ZivgdE5FfI66FP8F/j036J4kDfMBgLyk4u2c3-67e0/WruJl7R0mEz6NJTOmKBGQdTd8.jpg,http://bsus.hicustom.com/static/img3/bdd4b8620414ca7/8945Qg4ZivgdE5FfI66FP8F/j036J4kDfMBgdy049fp6f0w/tj2OAb0OMjcpIdeQhDzuNLVd8.jpg,http://bsus.hicustom.com/static/img3/4a901fa204140d2/8945Qg4ZivgdE5FfI66FP8F/j036J4kDfMBgJy2hKBcinmr/4DVzmoTaMjrp61FcsiVdlQRd8.jpg,http://bsus.hicustom.com/static/img3/da761a62e0414f87/8945Qg4ZivgdE5FfI/66FP8Fj036J4kDfMB/gQyUhK2BKFVj4krS3-6/oR8hir3h9Fr5r0zqQYd8.jpg,http://bsus.hicustom.com/static/img3/9820d992804140ac/8945Qg4ZivgdE5FfI/66FP8Fj036J4kDfMB/gEywDjzuA118s5M6i/Wx5yDg9KnRFW50zm94d8.jpg,http://bsus.hicustom.com/static/img3/23f438e210414e06/8945Qg4ZivgdE5FfI/66FP8Fj036J4kDfMB/gFyaVKfS37mrsiuvL/L4jm5IpNLY8WE26IWFd8.jpg,http://bsus.hicustom.com/static/img3/530d8552590414afd/8945Qg4ZivgdE5/FfI66FP8Fj036J/4kDfMBg9yQFBB9/3WxQD9zvmdVjtj/BdILPUs9I6m7xd8.jpg,http://bsus.hicustom.com/static/img3/7a9ff5c2041409e/8945Qg4ZivgdE5FfI66FP8F/j036J4kDfMBgNyrtG5B2New/tG2JhbFw5TB9qoV3-6MrzO9nFd8.jpg,http://bsus.hicustom.com/static/img/831430b2d004142d1/8945Qg4ZivgdE5/FfI66FP8Fj036J/4kDfMBg7yjZK2d/3WP3-6D9fzQL10MO/c6hW0aVB8SqdTd8.jpg
Naruto-Painting-480417663,http://bsus.hicustom.com/static/img3/1320ee62f041466c/1C700JrIua3-6hT9ZvK/437KBZa5S3LObJvTP/3-6JfbP18ngFjOLni8s/F5O18H4ULE014GZChErC.jpg,http://bsus.hicustom.com/static/img3/16c76d22bd041482e/1C700JrIua3-6hT9/ZvK437KBZa5S3L/ObJvTP3-6hfOPZrm/3wD3-6ka87hyD02a/amMhjMu3HHUJGrC.jpg,http://bsus.hicustom.com/static/img3/2be77c1210414dd1/1C700JrIua3-6hT9ZvK/437KBZa5S3LObJvTP/3-6LfGu4GnrXudP3Yiy/jEu2afm3s9izkYksO5rC.jpg,http://bsus.hicustom.com/static/img3/31213a72041483f/1C700JrIua3-6hT9ZvK437KBZ/a5S3LObJvTP3-6OfWu48PT7G1/Pif3gj5BukfSA69dCn5iwOBrC.jpg,http://bsus.hicustom.com/static/img3/47e79a0280414ff4/1C700JrIua3-6hT9ZvK/437KBZa5S3LObJvTP/3-6Rf3-6JaHHhshBzNT4r/D3-69v3AUTX5RLN5iy6OrC.jpg,http://bsus.hicustom.com/static/img3/2a2234220414191/1C700JrIua3-6hT9ZvK437KBZ/a5S3LObJvTP3-67fuU4r36Fud/zkiaFJO11NKmUJBBL884MD9rC.jpg,http://bsus.hicustom.com/static/img3/59c29e4210414619/1C700JrIua3-6hT9ZvK/437KBZa5S3LObJvTP/3-66fMZ7GU6D3-6MJZHay/hG1kaGkMJKWzZK4yF3-6rC.jpg,http://bsus.hicustom.com/static/img3/1b7e50420414270/1C700JrIua3-6hT9ZvK437KBZ/a5S3LObJvTP3-6SfdkU0P9Sj3-6/kU88Ay93-6CSGUwjGf2nH72X9rC.jpg,http://bsus.hicustom.com/static/img/78ea7c424d0414ab5/1C700JrIua3-6hT9/ZvK437KBZa5S3L/ObJvTP3-6Ff1F48k/6DKfJZriCJhO2P/a4ADDuU723whErC.jpg
Naruto-Painting-480417664,http://bsus.hicustom.com/static/img3/b69253d20414a8e/TYK4VP2ZrvozSDGoW9K2I9F/zU7OYFlTgIBoMvhBtFAq3bG/Wun6nDDKpLb6508F3-6ZDKIlWaY.jpg,http://bsus.hicustom.com/static/img3/ea1fc232920414c7b/TYK4VP2ZrvozSD/GoW9K2I9FzU7OY/FlTgIBozvRB4mi/KmRptzPSas53Rl/dpFza7H5wqW9BaY.jpg,http://bsus.hicustom.com/static/img3/d809c80230414bc0/TYK4VP2ZrvozSDGoW/9K2I9FzU7OYFlTgIB/o0vSHZDAd3-6iu4V3wH/kMhRlipYuZXim5hoN0aY.jpg,http://bsus.hicustom.com/static/img3/b12fdcc204147b9/TYK4VP2ZrvozSDGoW9K2I9F/zU7OYFlTgIBoVv6HZFI62Bz/4v1OdkD6xhi3mZZyLyYm3-6NGaY.jpg,http://bsus.hicustom.com/static/img3/91182502d904143ca/TYK4VP2ZrvozSD/GoW9K2I9FzU7OY/FlTgIBo8vj8wwq/eA3-69sB4JqFsIeN/3-694rNOCDYmxL9aY.jpg,http://bsus.hicustom.com/static/img3/40b3eaf2f40414eb9/TYK4VP2ZrvozSD/GoW9K2I9FzU7OY/FlTgIBoIvl9ZmN/T3iusfnhNZFmp3/Mp5M7LCMF9QIOaY.jpg,http://bsus.hicustom.com/static/img3/054991620b0414f83/TYK4VP2ZrvozSD/GoW9K2I9FzU7OY/FlTgIBoZv7GVD6/TId3D8ahHwYmql/0dFM46i4W9x3daY.jpg,http://bsus.hicustom.com/static/img3/3a2841020414fe7/TYK4VP2ZrvozSDGoW9K2I9F/zU7OYFlTgIBo5vydYVI5Qbp/t0P63-6s4iW209sgUsNywQG3-6OaY.jpg,http://bsus.hicustom.com/static/img/7bf8cdd20414642/TYK4VP2ZrvozSDGoW9K2I9F/zU7OYFlTgIBoBvwQZFhTIIc/D8kw9ZkKRId6m23l9V4N3-6lWaY.jpg
Naruto-Painting-480417665,http://bsus.hicustom.com/static/img3/69250df24041434c/93NbT3-64UadunZL6u3/L5CWD6H9F5OLqMu6W/uQtqQfB1f8qS0ic9H/8YSqPvLYOIYqT2E0nItK.jpg,http://bsus.hicustom.com/static/img3/40a0cc4240414cb2/93NbT3-64UadunZL6u3/L5CWD6H9F5OLqMu6W/untSQ2do5HGnpHBNi/iGYDHuo8nqZsYvbYQDtK.jpg,http://bsus.hicustom.com/static/img3/5fe8c44204141be/93NbT3-64UadunZL6u3L5CWD6/H9F5OLqMu6WuOtRsT21Adol/QYSfnqIyDH3-6o5aSohrSvHLYtK.jpg,http://bsus.hicustom.com/static/img3/d82059e20414fe7/93NbT3-64UadunZL6u3L5CWD6/H9F5OLqMu6WuLtIsTBW2CDA/Qn3-6QfqYDsr3-6FrNSlEi9faLRtK.jpg,http://bsus.hicustom.com/static/img3/1008bf028a041400f/93NbT3-64UadunZL/6u3L5CWD6H9F5O/LqMu6WuBtnMHvb/ianDhG6LAGlLwY/pJ2dYG0G9fnNLtK.jpg,http://bsus.hicustom.com/static/img3/3a44a312850414b46/93NbT3-64UadunZL/6u3L5CWD6H9F5O/LqMu6WuCtyKTdQ/G8olhrcdPQLAqG/3oYQRD0PBL8GStK.jpg,http://bsus.hicustom.com/static/img3/72f049d2c10414ec2/93NbT3-64UadunZL/6u3L5CWD6H9F5O/LqMu6WuNtZ602J/GGlZM2vdnnDApH/2v8QWIh23Ln8ltK.jpg,http://bsus.hicustom.com/static/img3/8034ca52041453c/93NbT3-64UadunZL6u3L5CWD6/H9F5OLqMu6Wu9tlp5OWK9qn/p5B9riSnEK2JaqDmDivNTdStK.jpg,http://bsus.hicustom.com/static/img/278e74a2340414b70/93NbT3-64UadunZL/6u3L5CWD6H9F5O/LqMu6Wu8tABTBv/GGWmM2df0QnSD8/uLrGGyK0GQanItK.jpg
Naruto-Painting-480417666,http://bsus.hicustom.com/static/img3/d37764c20414cec/P9OYTSFFbvbb3P9nQ28R6P9/vUM78MkEaV9a4rc0g5j3-6EbG/SfvUsOEGHWv4R7U6aV27Gv8rP.jpg,http://bsus.hicustom.com/static/img3/79d6c58230414877/P9OYTSFFbvbb3P9nQ/28R6P9vUM78MkEaV9/aarP0Tas93-6Rp1bZ2h/rM25bum9ck9jMvkR6UrP.jpg,http://bsus.hicustom.com/static/img3/7793c8f280414877/P9OYTSFFbvbb3P9nQ/28R6P9vUM78MkEaV9/aUrUj2OjpziuZRCjy/w5d5b3-6mBv0grHSHbSNrP.jpg,http://bsus.hicustom.com/static/img3/1390d3f2b0414218/P9OYTSFFbvbb3P9nQ/28R6P9vUM78MkEaV9/a3r2j25UGRBzZ1kFg/wE93-6u3-6Su20wFj93-6dS7rP.jpg,http://bsus.hicustom.com/static/img3/6ab36cd2c0414872/P9OYTSFFbvbb3P9nQ/28R6P9vUM78MkEaV9/aZrtOskkcj3-69H0FCr/5kBjRpUOkOUQE93-61JPrP.jpg,http://bsus.hicustom.com/static/img3/5432ab2230414c61/P9OYTSFFbvbb3P9nQ/28R6P9vUM78MkEaV9/aSr122aM2EiuHuvkF/CUzH03mRF23Q5BV9BZrP.jpg,http://bsus.hicustom.com/static/img3/1c17acb2c0414d98/P9OYTSFFbvbb3P9nQ/28R6P9vUM78MkEaV9/a8rL5COP2Ud3NOcky/kPzzb2k9FCFr73V12HrP.jpg,http://bsus.hicustom.com/static/img3/2ce53302eb0414d7f/P9OYTSFFbvbb3P/9nQ28R6P9vUM78/MkEaV9a7rzc32U/3Zbp1BZUAr7pMM/2Udt8hUjvZI3-6ZrP.jpg,http://bsus.hicustom.com/static/img/07c2b5520414747/P9OYTSFFbvbb3P9nQ28R6P9/vUM78MkEaV9aNruC25H2UIc/NO1jCCsG59u4uZFA2ZGMdv8rP.jpg
Naruto-Painting-480417667,http://bsus.hicustom.com/static/img3/782205b2e0414395/7JsQI0Y5cyo3-6PGSrU/LGCBYRpOPBSWj8eZR/mQmbDnOapD3-6LCtfQd/58QmQpQBBQ7iQM4LpNmU.jpg,http://bsus.hicustom.com/static/img3/338586424e041432c/7JsQI0Y5cyo3-6PG/SrULGCBYRpOPBS/Wj8eZRmnmODEiq/Ih9vdp9L13-6LMM3-6/XqSb3-6FkLys9EOmU.jpg,http://bsus.hicustom.com/static/img3/fb57c8420414710/7JsQI0Y5cyo3-6PGSrULGCBYR/pOPBSWj8eZRmOmGeL5a3-6tlX/BBRefhNqM3-6yqRfDn3-63-6Em3-6B8mU.jpg,http://bsus.hicustom.com/static/img3/e3f0bfc2a041434c/7JsQI0Y5cyo3-6PGSrU/LGCBYRpOPBSWj8eZR/mLmWeLOGQWSgBgi9n/h8IhXyCoWDbDaIhoB9mU.jpg,http://bsus.hicustom.com/static/img3/3b083f12d04147d8/7JsQI0Y5cyo3-6PGSrU/LGCBYRpOPBSWj8eZR/mBm3-64djiwybRiVINo/Oi6y9vOLi4QT8IheKGmU.jpg,http://bsus.hicustom.com/static/img3/4fc9fba20414962/7JsQI0Y5cyo3-6PGSrULGCBYR/pOPBSWj8eZRmCmuLLiLMDlX/iof3-69KGsm4PqBILJTN6ZRSBmU.jpg,http://bsus.hicustom.com/static/img3/eade3822f30414dc0/7JsQI0Y5cyo3-6PG/SrULGCBYRpOPBS/Wj8eZRmNmMRN5O/MFoP8Lb3-6fjOst3-6/V3-6SIN93-6B0ZeVimU.jpg,http://bsus.hicustom.com/static/img3/0b2a749204141fa/7JsQI0Y5cyo3-6PGSrULGCBYR/pOPBSWj8eZRm9mdlJBG0V3-6v/dR9Qv3-6B3-65UVOX3-6S1EayVNyBmU.jpg,http://bsus.hicustom.com/static/img/f7340e020414620/7JsQI0Y5cyo3-6PGSrULGCBYR/pOPBSWj8eZRm8m1NLO3-6MFNt/8LueNKqQMRXQo99vB9Q5opNmU.jpg
Naruto-Painting-480417668,http://bsus.hicustom.com/static/img3/b478358204148e6/ZDYPBTWDa3-6bdMP8tB6SRLBP/HDB9SUd0vTLp6srEiPioIvD/R1f8HYIGX5dI35IIdNEEGaPt4.jpg,http://bsus.hicustom.com/static/img3/350e799204141e8/ZDYPBTWDa3-6bdMP8tB6SRLBP/HDB9SUd0vTLpvs7EOkADlSb/zd97ilP2Qrb3-6PHqBz9rbR45t4.jpg,http://bsus.hicustom.com/static/img3/45ed3142604143d7/ZDYPBTWDa3-6bdMP8tB/6SRLBPHDB9SUd0vTL/p9sZfINine3-6o7QRin/nYdQrn3-6UiSeuXMvb3Gt4.jpg,http://bsus.hicustom.com/static/img3/0829c45230414837/ZDYPBTWDa3-6bdMP8tB/6SRLBPHDB9SUd0vTL/pSs5fIP8SB9e7fi3f/nI9eHnMkPSASxPfd30t4.jpg,http://bsus.hicustom.com/static/img3/4f3fdf22e0414d3f/ZDYPBTWDa3-6bdMP8tB/6SRLBPHDB9SUd0vTL/pGss7baamqpSk7I4A/LABxMoBZfYP34Pf188t4.jpg,http://bsus.hicustom.com/static/img3/8bc72db2f04144e7/ZDYPBTWDa3-6bdMP8tB/6SRLBPHDB9SUd0vTL/p3sHNIkYYI3-6okvfaP/W3zXEF3-63TRM3QUL9P2t4.jpg,http://bsus.hicustom.com/static/img3/b6ec20f2b00414a9c/ZDYPBTWDa3-6bdMP/8tB6SRLBPHDB9S/Ud0vTLpJsRWGN5/Y3uUEEbanqMzlr/7uPTWYuDRL1Nat4.jpg,http://bsus.hicustom.com/static/img3/5b5d8de29804144b6/ZDYPBTWDa3-6bdMP/8tB6SRLBPHDB9S/Ud0vTLpOsknB78/ZTvbzJ98rlCp9R/7BHADqJxrNI12t4.jpg,http://bsus.hicustom.com/static/img/a190ba32041402d/ZDYPBTWDa3-6bdMP8tB6SRLBP/HDB9SUd0vTLp2s3-6LIPrY36x/EEui0WaGQUbIk8GwOL7QdaPt4.jpg
